{"cameraMode":{"drawMode":0,"name":"Shaded","section":"Shading Mode"},"sceneLighting":false,"audioPlay":false,"sceneViewState":{"m_AlwaysRefresh":false,"showFog":true,"showSkybox":false,"showFlares":true,"showImageEffects":true,"showParticleSystems":true,"showVisualEffectGraphs":true,"m_FxEnabled":true},"in2DMode":false,"pivot":{"x":35.810089111328128,"y":4.041954517364502,"z":-17.068117141723634},"rotation":{"x":-0.055604226887226108,"y":0.5929141640663147,"z":-0.04109033942222595,"w":-0.8022989630699158},"size":1.2247449159622193,"orthographic":false}