{"cameraMode":{"drawMode":0,"name":"Shaded","section":"Shading Mode"},"sceneLighting":true,"audioPlay":false,"sceneViewState":{"m_AlwaysRefresh":false,"showFog":true,"showSkybox":true,"showFlares":true,"showImageEffects":true,"showParticleSystems":true,"showVisualEffectGraphs":true,"m_FxEnabled":true},"in2DMode":false,"pivot":{"x":44.06528854370117,"y":10.301898956298829,"z":5.839478969573975},"rotation":{"x":-0.031188851222395898,"y":0.8649924993515015,"z":-0.054171621799468997,"w":-0.4979056417942047},"size":13.705262184143067,"orthographic":true}